package,name,composable,skippable,restartable,readonly,inline,isLambda,hasDefaults,defaultsGroup,groups,calls,
com.hong7.coinnews.ui.CoinNewsApp,CoinNewsApp,1,1,1,0,0,0,0,0,1,1,
com.hong7.coinnews.ui.CoinNewsNavGraph,CoinNewsNavGraph,1,1,1,0,0,0,0,0,1,2,
com.hong7.coinnews.ui.articledetail.ArticleDetailRoute,ArticleDetailRoute,1,0,1,0,0,0,0,0,1,4,
com.hong7.coinnews.ui.articledetail.ArticleDetailScreen,ArticleDetailScreen,1,0,1,0,0,0,0,0,1,1,
com.hong7.coinnews.ui.articledetail.TopAppBar,TopAppBar,1,0,1,0,0,0,0,0,3,4,
com.hong7.coinnews.ui.articledetail.EmptyArticleContent,EmptyArticleContent,1,1,1,0,0,0,0,0,1,1,
com.hong7.coinnews.ui.articledetail.ArticleContent,ArticleContent,1,1,1,0,0,0,0,0,1,2,
com.hong7.coinnews.ui.articledetail.ArticleDetailScreenPreview,ArticleDetailScreenPreview,1,1,1,0,0,0,0,0,1,1,
com.hong7.coinnews.ui.coinlist.CoinListScreen,CoinListScreen,1,0,1,0,0,0,0,0,1,6,
com.hong7.coinnews.ui.coinlist.registerCoinButton,registerCoinButton,1,1,1,0,0,0,0,0,1,1,
com.hong7.coinnews.ui.component.BaseCustomModal,BaseCustomModal,1,1,1,0,0,0,0,0,1,1,
com.hong7.coinnews.ui.component.ModalHandleBar,ModalHandleBar,1,1,1,0,0,0,0,0,1,1,
com.hong7.coinnews.ui.component.Button,Button,1,1,1,0,0,0,0,0,1,2,
com.hong7.coinnews.ui.component.BaseCustomModalPreview,BaseCustomModalPreview,1,1,1,0,0,0,0,0,1,1,
com.hong7.coinnews.ui.component.CheckListItem,CheckListItem,1,1,1,0,0,0,0,0,1,4,
com.hong7.coinnews.ui.component.CheckListItemPreview,CheckListItemPreview,1,1,1,0,0,0,0,0,1,1,
com.hong7.coinnews.ui.component.ClickableChip,ClickableChip,1,1,1,0,0,0,0,0,1,1,
com.hong7.coinnews.ui.component.SelectableChipPreview,SelectableChipPreview,1,1,1,0,0,0,0,0,1,1,
com.hong7.coinnews.ui.component.SelectableChip,SelectableChip,1,1,1,0,0,0,0,0,1,1,
com.hong7.coinnews.ui.component.SelectableChipPreview,SelectableChipPreview,1,1,1,0,0,0,0,0,1,1,
com.hong7.coinnews.ui.home.HomeRoute,HomeRoute,1,0,1,0,0,0,0,0,1,3,
com.hong7.coinnews.ui.home.HomeScreen,HomeScreen,1,0,1,0,0,0,0,0,1,6,
com.hong7.coinnews.ui.home.HomeScreenContent,HomeScreenContent,1,0,1,0,0,0,0,0,1,1,
com.hong7.coinnews.ui.home.HomeTabRowContent,HomeTabRowContent,1,0,1,0,0,0,0,0,1,0,
com.hong7.coinnews.ui.home.rememberTabContent,rememberTabContent,1,0,0,0,0,0,0,0,1,0,
com.hong7.coinnews.ui.mycoinnews.MyCoinNewsScreen,MyCoinNewsScreen,1,0,1,0,0,0,0,0,1,9,
com.hong7.coinnews.ui.mycoinnews.ArticleListScreenContent,ArticleListScreenContent,1,0,1,0,0,0,0,0,1,1,
com.hong7.coinnews.ui.mycoinnews.SettingButton,SettingButton,1,1,1,0,0,0,0,0,1,1,
com.hong7.coinnews.ui.mycoinnews.EmptyFiltersContent,EmptyFiltersContent,1,1,1,0,0,0,0,0,1,1,
com.hong7.coinnews.ui.mycoinnews.ArticleContentItem,ArticleContentItem,1,0,1,0,0,0,0,0,1,2,
com.hong7.coinnews.ui.mycoinnews.ArticleMetaData,ArticleMetaData,1,0,1,0,0,0,0,0,1,1,
com.hong7.coinnews.ui.recentcoinnews.RecentCoinNewsScreen,RecentCoinNewsScreen,1,0,1,0,0,0,0,0,1,6,
com.hong7.coinnews.ui.recentcoinnews.ArticleListScreenContent,ArticleListScreenContent,1,0,1,0,0,0,0,0,1,1,
com.hong7.coinnews.ui.recentcoinnews.ArticleContentItem,ArticleContentItem,1,0,1,0,0,0,0,0,1,2,
com.hong7.coinnews.ui.recentcoinnews.ArticleMetaData,ArticleMetaData,1,0,1,0,0,0,0,0,1,1,
com.hong7.coinnews.ui.scrap.ScrapNewsScreen,ScrapNewsScreen,1,0,1,0,0,0,0,0,1,3,
com.hong7.coinnews.ui.scrap.ScrapNewsScreen,ScrapNewsScreen,1,0,1,0,0,0,0,0,1,2,
com.hong7.coinnews.ui.scrap.EmptyNewsContent,EmptyNewsContent,1,1,1,0,0,0,0,0,1,1,
com.hong7.coinnews.ui.scrap.ArticleContentItem,ArticleContentItem,1,0,1,0,0,0,0,0,1,1,
com.hong7.coinnews.ui.scrap.ArticleMetaData,ArticleMetaData,1,0,1,0,0,0,0,0,1,1,
com.hong7.coinnews.ui.setting.SettingScreen,SettingScreen,1,0,1,0,0,0,0,0,1,1,
com.hong7.coinnews.ui.theme.CoinNewsAppTheme,CoinNewsAppTheme,1,1,1,0,0,0,1,0,2,2,
